Place,Times,Recommended
25711,14,1
127461,2,1
9495,3,1
22821,7,1
1535,17,1
337,30,1
12215,8,1
1284,20,1
2376156,1,1
29758,7,1
6956,3,1
18253,7,1
5729,4,1
34405,2,1
57263,1,1
2154515,8,1
9263,15,1
155079,4,1
31167,6,1
13996,3,1
20489,9,1
14196,45,1
123046,6,1
33222,5,1
15537,2,1
16264,1,1
31112,13,1
12508,11,1
12343,2,1
22876,1,1
13047,22,1
22366,57,1
31901,2,1
65142,6,1
1498,12,1
57328,38,0
19713,2,1
3575,5,1
13927,21,1
653,4,1
19920,2,1
18144,9,1
12374,6,1
56534,6,1
170256,1,1
13687,9,1
12208,9,1
12719,12,1
523,12,1
18227,5,1
5606,19,1
16317,1,1
14472,2,1
10815,11,1
4843,33,1
16744,10,1
9474,9,1
20001,4,1
23124,9,1
19576,1,1
6147,6,1
16827,3,1
125662,4,1
4749,12,1
19183,4,1
20433,3,1
71971,1,1
34003,3,1
17795,13,1
32804,2,1
28880,1,1
12790,38,1
45918,1,1
6997,5,1
2626,2,1
5744,46,1
27025,6,1
21440,5,1
15541,9,1
12700,35,1
24124,5,1
21387,23,1
15189,10,1
15258,7,1
11930,51,1
4472,53,1
44065,5,1
6795,1,1
1407,34,1
78902,14,1
13459,17,1
7011,2,1
26124,3,1
13115,10,1
75701,12,1
159367,2,1
10799,2,1
39072,2,1
1231,22,1
33885,1,1
410,9,1
228590,1,1
4731,12,1
42300,1,1
57145,5,1
57168,2,1
1065,9,1
26191,7,1
15944,5,1
61210,1,1
29948,2,1
96499,7,1
144058,2,1
404,7,1
933,4,1
15795,3,1
57918,35,1
131078,10,1
105349,4,1
7332,18,1
5474,7,1
907,4,1
64882,11,1
77986,14,1
1119,18,1
1492,59,1
13485,5,1
33167,4,1
17171,3,1
686,3,1
1393,9,1
135754,6,1
31047,5,1
122632,8,1
11655,12,1
27585,7,1
118190,14,1
1006288,5,1
11137,5,1
9780,13,1
22214,15,1
263400,8,1
175522,2,1
692,2,1
4625,5,1
21021,2,1
35435,5,1
14435,17,1
37983,15,1
30652,2,1
82328,15,1
21166,4,1
124069,6,1
38064,4,1
73304,2,0
14855,5,1
7723,75,1
136335,9,1
189445,6,1
809,3,1
1192,8,1
11130,5,1
13898,7,1
13547,4,1
21413,10,1
44907,4,1
9945,26,1
28764,2,1
26629,12,1
67064,2,1
31822,2,1
8133,5,1
13231,16,1
20500,14,1
3582,18,1
131255,8,1
662,2,1
11485,11,1
16816,18,1
14833,8,1
4848,7,1
168809,8,1
11956,18,1
4829,11,0
70246,12,1
15740,7,1
18285,2,1
15302,6,1
11637,19,1
7521,6,1
4720,12,1
4850,2,1
17137,2,1
265356,2,1
9204,16,1
7776,3,1
18175,3,1
190040,9,1
23596,6,1
50547,2,1
46923,1,1
28369,4,1
21534,5,1
51138,9,1
41522,3,1
115,13,1
12793,10,1
11372,3,1
12908,1,1
26428,4,1
14253,6,1
19700,13,1
9335,9,1
15892,4,1
471,16,1
15071,36,1
19778,2,1
395,12,1
6224,11,1
56898,13,1
10256,12,1
17885,4,1
13341,8,1
110404,1,1
15808,6,1
75029,3,1
278,33,1
23655,4,1
8334,25,1
16020,44,1
308,10,1
140325,3,1
4532,22,1
29405,8,1
1211,19,1
13233,19,1
3306,6,1
26012,1,0
349,34,0
440820,3,1
17090,1,1
4145,20,1
1063,17,1
3412,26,1
19879,4,1
29538,4,1
11806,2,1
12741,3,1
7051,8,1
1155,16,1
12018,8,1
32319,4,1
42775,26,1
85776,13,1
69745,12,1
148562,5,1
12028,10,1
1448,6,1
6900,10,1
1071,6,1
185348,2,1
1050,20,1
100422,2,1
14828,21,1
29705,6,1
44146,6,1
5987,1,1
1049,13,1
27994,17,0
19346,5,1
12764,3,1
8061,10,1
8953,13,1
10489,24,1
19416,10,1
12101,1,1
11802,4,1
499,2,1
33865,2,1
15960,11,1
176025,4,1
126911,7,1
874,8,1
30907,19,1
28311,4,1
1038,4,1
563,5,1
1419,1,1
753,3,1
3347,10,1
49484,9,1
20006,4,1
9035,4,1
1508,2,1
210,22,0
86160,2,1
995935,3,1
102278,8,1
32981,2,1
6700,6,1
17675,15,1
29947,2,1
1326,2,1
26207,5,1
86029,9,1
84910,13,1
981,4,1
20707,3,1
25808,4,1
15936,29,1
7675,10,1
72714,19,1
16345,2,1
14448,10,1
39416,10,1
21070,5,1
4576,2,1
12164,1,1
75282,4,1
13446,4,1
9405,3,1
31443,2,1
31672,3,1
164722,9,1
2534,21,1
23976,14,1
77,8,1
61285,3,1
12735,8,1
73581,2,1
25858,3,1
25183,3,1
37467,21,1
51936,1,1
7203,19,1
7583,5,1
23220,15,1
23258,11,1
58906,2,1
14749,9,1
8652,3,1
12641,11,1
26139,3,1
10690,6,1
29937,16,1
23668,5,1
6532,5,1
133823,3,1
192063,16,1
10765,6,1
1177,31,1
26,2,1
9821,17,1
13621,11,1
25351,3,1
27581,2,1
573,1,1
321023,3,1
16211,2,1
804,5,1
30858,1,1
28614,2,1
21124,1,1
8713,13,1
186895,2,1
4392,3,1
3560,1,1
14494,44,1
5000,3,1
11055,13,1
457,2,1
13605,19,1
29871,5,1
146020,4,1
147002,23,1
2524,19,1
12826,2,1
161178,8,1
38137,7,1
33031,9,1
37276,3,1
72073,19,1
176425,7,1
10282,6,1
14263,6,1
1124,13,1
14254,4,1
7542,5,1
166526,3,1
8434,5,1
38140,2,1
25597,17,1
28004,2,1
15501,1,1
81616,25,1
23049,8,1
22596,4,1
11872,33,1
37053,6,1
6612,1,1
156362,3,1
1157,10,1
389,7,1
13073,16,1
154,3,1
2167106,1,1
98967,3,1
6293,52,1
99454,5,1
11108,3,1
13354,3,1
721,26,1
3372,6,1
529,2,1
933944,3,1
20255,6,1
51967,3,1
24518,14,1
31164,6,1
390,26,1
24357,2,1
4473,2,1
57268,35,1
284,11,1
24943,2,1
56006,6,1
5076,2,1
23824,3,1
107254,2,1
69265,9,1
13812,13,1
32374,8,1
6299,4,1
2067414,2,1
14083,1,1
14854,6,1
27910,6,1
13263,12,1
43469,1,1
5648,9,1
174401,13,1
1120,3,1
447,28,1
16439,13,1
376429,2,1
125941,9,1
104512,2,1
9727,7,1
23136,5,1
96751,8,1
99,3,1
8643,7,1
21324,54,1
26199,30,1
5378,8,1
7297,12,1
36580,2,1
158958,2,1
39,3,1
26294,2,1
7627,15,1
13458,5,1
51237,2,1
11882,20,1
13690,2,1
14497,2,1
24990,6,1
808,10,1
2622,2,1
24321,26,0
3293,1,1
227730,1,1
149541,1,1
84006,1,1
8800,17,1
28112,5,1
6793,40,1
13212,3,1
23055,5,1
564216,5,1
4635,3,1
5779,10,1
13209,3,1
8290,3,1
35942,4,1
1055357,1,1
28415,6,1
482,24,1
11214,3,1
15475,7,1
851,7,1
26304,3,1
14113,5,1
6057,7,1
16103,4,1
101967,4,1
186707,13,1
182904,1,1
10073,19,1
70790,26,1
98465,2,1
18191,7,1
1223,12,1
29998,5,1
998,17,1
8515,9,1
5614,4,1
10818,7,1
189338,1,1
9389,1,1
54044,19,1
1086,61,1
10643,4,1
12272,1,1
34897,1,0
53184,5,1
1292,5,1
52205,19,1
4869,3,1
6732,16,1
33859,6,1
143883,12,1
50167,20,0
14730,1,1
199,6,1
21235,7,1
54011,5,1
57043,6,1
16875,8,1
417,23,1
6907,2,1
5212,1,0
3229,8,1
10965,40,1
773,13,1
68935,60,1
31045,3,1
13152,2,1
1285202,2,1
14971,4,1
21422,3,1
8606,4,1
43357,2,1
23773,13,1
884,6,1
173702,7,1
241410,4,1
18176,10,1
16910,25,1
14594,11,1
145771,3,1
65144,6,1
21395,19,1
13457,12,1
11717,7,1
16653,3,1
119218,4,1
3310,7,1
12009,1,1
143888,8,1
3231,8,1
37641,3,1
13661,6,0
11775,14,1
24880,2,1
667293,2,1
121606,5,1
28870,1,1
17692,16,1
13406,5,1
10261,2,1
17216,6,1
78081,2,1
16362,4,1
108408,14,0
25376,8,1
129237,3,1
16717,2,1
497,5,1
8698,11,1
30525,14,1
12222,26,1
7663,6,1
5965,2,1
21818,1,1
15261,16,1
31117,6,1
6205,8,1
44495,2,1
12464,2,1
5035,3,1
22158,2,1
61274,23,1
35563,10,1
12575,12,1
15260,2,1
20017,2,1
64680,13,1
21029,8,1
196770,2,1
182731,3,1
53848,19,1
17316,8,1
24640,6,1
25708,9,1
51302,2,1
15608,8,1
12510,7,1
21067,2,1
49624,13,1
76770,17,1
15368,2,1
7095,17,1
78624,37,0
37990,6,1
4815,27,0
80866,2,1
20356,8,1
824,4,1
43824,4,1
26570,4,1
32536,4,1
49621,4,1
12282,12,1
20592,8,1
29101,6,1
526,9,1
15693,14,1
5899,18,1
37455,4,1
105023,5,1
32586,8,1
14102,13,1
1360,12,1
19178,26,1
75007,41,1
64674,26,0
531,12,1
6087,4,1
1543,20,1
12196,7,1
958,7,1
33826,3,1
6225,4,1
723,7,1
28002,4,1
16054,3,1
140479,9,1
655,17,1
170319,8,1
41839,4,1
2133943,2,1
578,55,1
1443163,4,1
749,7,1
23791,8,1
18005,4,1
15148,5,1
12214,20,1
830,7,1
133421,10,1
35085,107,1
1945122,3,1
173414,42,1
80769,1,0
16623,1,1
73405,6,1
15743,86,1
128204,5,1
82254,17,1
98332,2,1
98639,27,1
3246,3,1
8228,28,1
21231,2,1
64971,94,0
10786,24,1
1398,2,1
1809245,3,1
3184,113,1
25400,4,1
171730,5,1
4310,19,1
925,15,1
11129,6,1
68070,2,1
166334,2,1
24627,1,1
12010,7,1
264922,2,1
8668,3,1
144620,12,1
26051,23,1
139421,4,1
52582,3,1
17030,6,0
434,7,1
25269,2,1
16189,6,1
16079,3,1
20934,2,1
7751,2,1
4513,10,1
170835,3,1
7749,6,1
12190,2,1
313,4,1
4547,18,1
1483,14,1
2422200,4,1
1111,4,1
1128,5,1
26329,2,1
13539,4,1
6813,8,1
35908,9,1
12608,6,1
7909,12,1
435580,149,0
112711,7,1
99044,2,1
7875,8,1
13740,16,1
35866,3,1
76405,2,1
21406,5,1
65112,3,1
4777,5,1
174200,2,1
1025,7,1
75985,2,0
12113,5,1
7670,8,1
12450,9,1
27881,6,1
504,3,1
12345,5,1
7482,3,1
9109,5,1
40177,6,1
12875,9,1
26667,3,1
999,4,1
66697,4,1
13815,9,1
15015,5,1
81976,13,1
29212,12,1
2540,14,1
1465,8,1
86250,62,1
45448,11,1
11856,10,1
23997,4,1
1948043,11,1
25967,11,1
1441,16,1
13694,1,1
1490,2,1
29121,5,1
38668,2,1
638,2,1
19912,6,1
1354,2,1
85041,1,1
164071,4,1
368125,2,1
24537,3,1
73512,1,1
590459,2,1
71745,22,1
72593,4,1
35812,2,1
899,40,1
19734,3,1
35862,5,1
771,3,1
21558,8,1
360,28,1
6861,5,1
35260,21,1
6380,6,1
24535,3,0
11734,12,1
240418,1,1
73888,2,1
6120,29,1
47569,38,1
11173,16,1
16350,19,0
12556,1,1
34219,6,1
1378,9,1
1469,6,1
27817,6,1
12494,3,1
9652,28,1
4797,14,1
46736,2,1
3266,16,1
9684,18,1
74668,8,1
19426,1,1
15061,21,1
140749,16,1
14117,4,1
27092,1,1
10835,26,1
59566,10,1
131744,4,1
14189,2,1
695,3,1
12232,9,1
1944209,2,1
28990,6,1
4671,5,1
12159,13,1
20885,10,1
18222,33,1
20130,2,1
13929,4,1
571,5,1
37238,4,1
8180,1,1
49727,5,1
449,34,1
9953,37,1
11764,8,1
4853,14,1
60698,1,1
42728,17,1
47381,6,1
11166,3,1
13915,5,1
16505,2,1
640,17,1
1112,5,1
19644,4,1
18071,3,1
31853,20,1
170700,11,1
1143,5,1
19414,4,1
29594,6,1
10543,12,1
470,5,1
17983,20,1
20184,10,1
6418,4,1
81383,2,1
1085,6,1
1639,24,0
4954,5,1
26193,3,1
15647,6,1
34572,3,1
51660,12,1
69215,8,1
317,2,1
13407,6,1
7854,9,1
17546,8,1
57674,12,0
10761,6,1
29347,2,1
44217,6,1
9743,3,1
602,56,1
11998,10,1
1201,18,1
69282,2,1
114765,1,1
16625,74,1
25695,3,1
79240,2,1
381,20,1
116307,2,1
19914,2,1
29261,5,1
9298,8,1
10324,23,0
17835,15,1
10635,5,1
13391,11,1
8234,1,1
26754,20,1
31326,2,1
12584,3,1
26140,5,1
44639,1,1
16847,6,1
15577,13,1
44325,2,1
808115,2,1
3216,1,1
740,9,1
12903,38,1
58085,2,1
84891,2,1
110328,4,1
20445,9,1
9962,3,1
18124,2,1
3284,8,1
2666,9,1
14250,14,1
10966,1,1
5867,14,1
27031,3,1
27315,22,1
5863,4,1
11942,8,1
140386,2,1
3723,1,1
12906,15,1
3335,3,1
2537,1,1
14064,4,1
126147,2,1
4156,166,1
1283,4,1
1030,8,1
1410,4,1
144582,6,1
120668,21,1
10716,2,1
210037,2,1
25883,2,1
6850,1,1
186132,2,1
68453,2,1
157070,6,1
382,10,1
31671,26,1
3214,1,1
23138,2,1
24745,2,1
20856,4,1
82634,56,1
46034,6,1
9307,16,1
12134,11,1
29483,3,1
3201,8,1
1001,6,1
29079,6,1
1232,2,1
14197,16,1
15209,3,1
42725,5,1
171348,8,1
4376,8,1
26651,1,1
8046,20,1
6518,9,1
66081,10,1
43879,1,1
149658,4,1
774,5,1
12621,23,1
28039,20,0
514,23,1
549,17,1
12386,5,1
77086,2,1
3218,20,1
13836,7,1
75955,4,1
677,2,1
9719,2,1
11965,9,1
34973,9,1
14582,7,1
34591,2,1
718,7,1
31748,35,1
25118,6,1
85302,7,1
39242,181,1
30106,3,1
25353,32,0
15901,4,1
36039,2,1
27515,1,1
17938,1,1
6602,19,1
1782104,14,1
911,3,1
180,18,1
81990,4,1
25146,11,1
11907,10,1
52719,12,1
6305,8,1
75206,2,0
46763,4,1
9137,5,1
13093,8,1
12496,27,1
33689,1,1
150169,2,1
1002,25,1
22351,27,1
217,2,1
30990,3,1
16466,6,1
3278,2,1
4506,9,1
36,14,1
155929,1,1
5854,7,1
73254,19,1
184240,2,1
17415,38,1
3449,13,1
19608,1,1
1282,10,1
57281,5,1
69141,7,1
25656,8,1
908,26,1
1073,7,1
1216,5,1
71641,7,1
17677,5,1
75051,2,1
22142,1,1
21512,1,1
792,8,1
11681,28,1
2538,9,1
5269,3,1
27311,8,1
26057,3,1
169094,1,1
78067,1,1
27833,1,0
14867,1,1
18009,13,1
713,7,1
1035,11,1
47159,1,1
5939,10,1
130669,8,1
17741,26,1
114558,1,1
5904,4,1
16364,22,1
24319,13,1
29636,2,1
43795,8,1
21545,12,1
787,6,1
25365,7,1
17313,6,1
4626,11,1
9817,4,1
30079,7,1
14183,6,1
16699,8,1
42059,4,1
20553,5,1
696,4,1
12867,3,1
26730,3,1
1415,9,1
6187,18,1
1563,5,1
74923,5,1
75338,3,1
22463,14,1
9223,7,1
569034,1,1
2578,7,1
37480,4,1
18279,10,1
105839,16,1
38932,5,1
23069,5,1
33672,4,1
16913,1,1
17730,2,1
1075,8,1
12773,6,1
561,2,1
123741,4,1
31548,2,1
17697,43,1
14532,22,1
22519,2,1
6261,3,1
222,5,1
21639,12,1
33652,7,1
1185,3,1
79541,2,1
21728,2,1
10379,3,1
22424,24,1
20904,1,1
16564,13,1
61326,1,1
144246,3,1
23373,2,1
11733,3,1
14218,4,1
654,37,1
10694,3,1
82051,15,1
1242,5,1
4529,18,1
47405,6,1
955029,1,1
585,3,1
27391,3,1
886,22,1
22148,12,1
49766,3,1
16220,6,1
152096,2,1
17665,4,1
3432,3,1
11112,10,1
103337,2,1
14990,22,0
148402,9,1
51969,1,1
25562,6,1
29828,7,1
11636,2,1
18063,7,1
3281,16,1
1404,14,1
45911,1,1
16504,6,1
14790,3,1
2678,2,1
4556,48,1
9611,34,1
422,19,1
29825,3,1
29422,22,1
552,4,1
13872,11,1
44078,10,1
65011,4,1
21343,3,1
38752,17,1
13467,3,1
13028,14,1
4449,1,1
7455,18,1
834,2,1
19807,2,1
24084,1,1
22818,2,1
159042,7,1
24845,2,0
13174,15,1
124493,3,1
111595,1,1
12042,18,1
962,4,1
8041,17,1
486,5,1
46904,7,1
11446,10,1
33905,13,1
13630,34,1
6635,13,1
4707,1,1
1271,25,1
42706,10,1
29092,14,1
8204,3,1
945,7,1
17472,16,1
15900,1,1
38551,3,1
14354,4,1
21625,1,1
9526,11,1
1719875,1,1
102886,36,1
20929,3,1
1394,25,1
31052,13,1
27604,2,1
12862,12,1
15661,2,1
128537,2,1
32603,11,1
5235,11,1
7656,9,1
18151,8,1
34239,2,1
37379,3,1
79077,3,1
6960,8,1
167,11,1
24493,2,1
20714,7,1
35522,5,1
42088,3,1
39253,5,1
189579,11,1
10824,43,1
162131,6,1
43579,4,1
26577,9,1
6614,11,1
19972,6,1
3227,10,1
111035,4,1
45155,9,1
4955,1,1
15591,2,1
9150,19,1
9476,4,1
15862,5,1
1105,8,1
70160,5,1
11909,2,1
1130,15,1
13264,9,1
1501,12,1
149512,3,1
9561,1,1
57076,2,1
28154,10,0
7966,2,1
35833,15,1
24547,5,1
10551,4,1
15087,3,1
9792,7,1
14119,3,1
16055,11,1
86269,4,1
6079,4,1
254,6,1
910,9,1
10604,50,1
42719,5,1
1129,8,1
194112,7,1
34618,19,1
6232,5,1
33123,2,1
52156,4,1
1651,10,1
15139,34,1
386324,8,1
100986,3,1
12119,3,1
13983,4,1
17779,33,1
37273,9,1
15551,4,1
10782,11,1
107629,3,1
3219,6,1
14015,6,1
12568,8,1
13016,29,1
40,6,1
4649,2,1
14674,3,1
15351,28,1
44620,9,1
123,21,0
8990,9,1
44818,8,1
23814,2,1
399651,2,1
74896,36,1
3273,6,1
3205,6,1
9262,12,1
10800,27,1
33933,4,1
12067,1,1
155221,1,1
948,23,1
83038,4,1
3441,6,1
15606,7,1
1186,9,1
36650,1,1
12799,7,1
813,14,1
131948,3,1
9374,4,1
14905,8,1
121898,3,1
13107,1,1
73848,3,1
14058,5,1
2577,10,1
12049,17,1
12910,10,1
473,5,1
67049,3,1
28929,14,1
120475,8,1
7798,4,1
22787,3,1
11171,6,1
51593,2,1
68983,2,1
20373,3,1
53085,4,1
26247,4,1
12150,10,1
14924,5,1
17426,3,1
3225,2,1
12493,23,1
24002,2,1
19517,2,1
6906,8,1
20329,13,1
59697,2,1
12139,4,1
14143,2,1
1345,11,1
744,7,1
4434,2,1
6894,11,1
13603,3,1
161625,7,1
11255,4,1
183415,3,1
12053,17,1
23917,9,1
4454,6,1
12052,6,1
16962,8,1
149350,4,1
3298,13,1
309,16,1
79404,3,1
7664,7,1
26353,4,1
12118,41,1
47404,9,1
19939,10,1
1602,6,1
6711,1,1
122354,1,1
6375,15,1
16148,17,1
20134,5,1
7792,17,1
99891,5,1
44441,16,1
33542,3,1
99558,1,1
12898,1,1
8025,8,1
17406,2,1
5608,20,1
407167,10,1
84972,7,1
15636,1,1
4403,6,1
7599,8,1
17716,2,1
27723,6,1
9794,2,1
14066,2,1
184106,22,1
24355,10,1
209,9,1
23401,3,1
34938,7,1
76187,5,1
164429,3,1
126154,6,1
19624,1,1
44155,3,1
72623,5,1
16683,12,1
123729,3,1
51391,4,1
144561,1,1
22261,5,1
141168,4,1
751,19,1
1348,2,1
59727,2,1
31517,2,1
8510,23,1
5900,3,1
145830,6,1
165050,2,1
1064,7,1
6995,6,1
1376,42,1
4889,18,1
52135,5,1
13928,6,1
13145,33,1
39815,4,1
25417,4,1
16297,2,1
7893,6,1
10639,2,1
24364,5,1
21660,7,1
8947,4,1
10401,2,1
35350,2,1
219928,6,1
25423,1,1
1598475,4,1
1494,1,1
52618,9,1
1194,8,1
24411,5,1
17251,4,1
21657,4,1
108420,9,1
27274,7,1
50603,3,1
27726,2,1
28127,2,1
13589,25,1
31415,4,1
14228,4,1
466,20,1
9712,4,1
5874,13,1
102,8,1
543,5,1
14487,8,1
15463,12,1
711,2,1
34008,2,1
468,2,1
4561,31,1
11318,8,1
108345,4,1
151381,11,1
12149,10,1
5455,10,1
156402,5,1
7519,13,1
11881,18,1
17105,1,1
560405,2,1
24423,3,1
33846,9,1
50314,15,1
16953,14,1
33675,8,1
6951,7,1
15010,11,1
13447,13,1
239,32,1
17973,6,1
106165,1,1
121133,2,1
25753,24,1
22804,2,1
5988,7,1
14669,8,1
16626,15,1
21598,24,1
41141,8,1
6565,9,1
393798,3,1
14541,4,1
17059,3,1
3446,4,1
6999,23,1
9209,97,1
1476,10,1
4878,4,1
19669,3,1
59,3,1
132842,9,1
23764,2,1
45896,8,1
31328,2,1
28879,4,1
24528,6,1
17591,1,1
1268,31,1
13232,3,1
19897,9,1
21291,28,1
110119,28,1
8706,6,1
81254,20,1
7633,19,1
7002,1,1
4615,3,1
36092,12,1
31133,10,1
79908,8,1
5574,3,1
70970,27,1
30515,5,1
34596,5,1
44846,3,1
81357,3,1
9170,9,1
11355,17,1
31314,6,1
44956,4,1
518,12,1
30746,9,1
957,2,1
10904,10,1
143783,1,1
7578,5,1
649,1,1
133203,6,1
38689,11,1
43453,1,1
26330,7,1
17710,5,1
480,17,1
507,23,1
512,3,1
44192,9,1
16863,2,1
1118,6,1
4389,2,1
371,14,1
178998,2,1
8959,5,1
45373,8,1
13923,6,1
74407,2,1
1142,2,1
355,11,1
8607,2,1
51813,9,1
17871,4,1
21513,4,1
442,6,1
80645,32,1
126509,4,1
161822,5,1
22812,1,1
12653,4,1
4696,3,1
54085,27,0
40283,4,1
139046,4,1
39120,21,1
11029,4,1
29309,3,1
1060,5,1
130406,6,1
812,14,1
408,29,1
11193,2,1
17494,5,1
14945,4,1
502393,21,1
318,6,1
8030,3,1
22614,2,1
124204,6,1
125945,2,1
48994,4,1
1107,10,1
1188,16,1
13146,15,1
102157,7,1
16855,4,1
16828,4,1
212,4,1
12796,10,1
1069,3,1
143744,3,1
4612,2,1
49340,16,1
232087,10,1
1372,7,1
41560,2,1
58432,2,1
41961,22,1
5222,76,1
115522,3,1
13337,7,1
12121,8,1
26256,6,1
22860,11,1
4523,3,1
119119,4,1
19488,2,1
12458,23,1
7678,7,1
122364,7,1
45167,3,1
75835,2,1
3228,3,1
224,1,1
21451,4,1
43164,3,1
4839,8,1
16259,1,0
18076,7,1
73222,4,1
51304,39,1
555,11,1
33444,4,1
14903,2,1
362433,5,1
1152,17,1
15917,1,1
3521,31,1
3421,12,1
74191,5,1
772,2,1
20779,18,1
31949,16,1
149539,3,1
125718,2,1
143225,5,1
4283,3,1
68216,16,1
9463,5,1
110941,17,1
10719,4,1
9620,5,1
20930,11,1
984,6,1
101591,2,1
32765,6,1
15856,39,1
10947,12,1
25,44,1
15341,5,1
13359,16,1
116111,2,1
51385,7,1
19432,10,1
13750,15,1
10680,1,1
7797,9,1
40353,2,1
28322,9,1
6855,9,1
43225,5,1
10897,12,1
4677,4,1
46936,5,1
14970,28,0
9264,19,1
13904,21,1
14914,3,1
2585,19,1
33218,1,1
141868,1,1
12927,13,0
37109,1,1
52,3,1
10192,2,1
47339,13,1
5515,11,1
1108,7,1
28279,21,1
15323,21,1
14950,16,1
145607,1,1
37315,7,1
13890,3,1
1481,4,1
5664,3,1
24496,17,0
25751,17,1
134576,2,1
31042,4,1
22218,59,1
53814,3,1
28675,18,1
29164,10,1
22900,11,1
116162,7,1
9156,5,1
5577,2,1
19808,8,1
1930905,6,1
1220,55,1
12435,1,1
16126,23,0
32420,1,1
51294,5,1
11100,39,1
13176,5,1
13245,4,1
364,3,1
56577,4,1
11678,3,1
9250,15,1
15456,5,1
49886,5,1
6764,14,1
20121,1,1
72267,6,1
6023,14,1
39364,2,1
13131,2,1
1222,19,0
21157,11,1
16672,8,1
36389,2,1
29816,35,1
24252,8,1
132953,7,1
11134,24,1
1225401,1,1
6434,6,1
1193,5,1
174371,1,1
7859,7,1
184152,6,1
26289,25,0
41127,2,0
157043,4,1
148,8,1
11192,10,0
86,8,1
663,2,1
8276,8,1
30926,5,1
125770,9,1
30986,3,1
60031,11,1
890,12,1
15930,8,1
19674,11,1
14265,21,1
618,4,1
4937,3,1
39261,28,1
17323,12,1
474,3,1
264256,1,1
24164,7,1
13396,5,1
804605,3,1
37331,5,1
54032,2,1
11990,12,1
75022,3,1
21033,7,1
315,10,1
23119,19,1
6506,15,1
20084,3,1
21455,42,1
28898,3,1
15000,4,1
30941,7,1
29259,5,1
1428,26,1
29608,3,1
558276,1,1
6399,3,1
68829,26,1
13986,11,1
128159,3,1
38670,2,1
4840,14,1
51776,2,1
19182,33,1
19433,3,1
51770,2,1
124164,14,0
12268,14,1
34133,8,1
4448,8,1
11913,5,1
770,3,1
38209,6,1
1040758,4,1
980,28,0
35966,5,1
14327,120,1
24262,8,1
520715,1,1
11884,19,1
21967,6,1
1760748,36,1
29471,2,1
14355,17,0
1165,2,1
28744,1,1
14188,11,1
12231,33,1
15535,3,1
909,5,1
122072,6,1
171965,3,1
6089,5,1
9436,12,1
103535,9,0
78297,6,1
564,73,1
114,13,1
98472,15,1
590,1,1
15412,8,1
11945,14,1
12090,15,1
17626,13,1
169196,8,1
82660,6,1
632,10,1
44353,18,1
151325,15,0
1163,42,1
5661,14,1
219333,2,1
42705,64,1
12991,33,1
133700,1,1
1305,5,1
13463,22,1
20614,15,1
841,7,1
307,3,1
9793,3,1
131291,8,1
5612,3,1
1066,6,1
9305,14,1
16745,3,1
35753,1,1
15692,17,1
4709,2,1
141,4,1
20804,4,1
11846,24,1
6856,43,1
639,18,1
12495,5,1
79880,4,1
95612,6,1
14969,25,1
30231,1,1
9762,3,1
34743,10,1
14927,5,1
12497,1,1
26797,18,0
20624,21,1
29952,2,1
29910,17,1
71417,3,1
13521,4,1
119265,2,1
159635,7,1
42655,3,1
5553,2,1
7319,12,1
26442,11,1
84770,1,1
2232344,2,1
5886,4,1
33471,2,1
188874,2,1
192,14,1
14457,4,1
21744,3,1
39530,4,1
9664,5,1
15176,36,1
1395,15,1
12792,3,1
19666,13,1
9718,8,1
1109,16,1
138722,1,1
1307,15,1
36462,8,1
28617,2,1
69521,7,1
356,13,1
78422,2,1
42406,5,1
135890,1,1
23379,5,1
21176,3,1
4608,10,1
26324,18,1
9173,4,1
80406,3,1
2586,3,1
4946,2,1
52963,3,1
37842,10,1
424,21,1
52207,1,1
12818,16,1
99849,8,1
23912,9,1
21795,14,1
15313,12,1
7876,2,1
186,18,1
19558,1,1
20183,10,1
82441,51,1
263,7,1
675,11,1
24520,10,1
47030,1,1
20043,7,1
9468,3,1
1091,10,1
21677,8,1
17162,7,1
10054,5,1
133,4,1
21826,6,1
423,12,1
7535,8,1
45067,8,1
21397,2,1
15153,5,1
7999,84,1
175685,2,1
5054,31,1
14801,19,1
12542,5,1
38021,7,1
32629,7,1
9419,3,1
13921,9,1
32582,6,1
946,12,1
33743,4,1
7507,12,1
26194,15,1
5705,4,1
30415,4,1
86116,5,1
81766,6,1
49870,5,1
11902,30,1
18221,5,1
142,9,1
4684,3,1
807,8,1
13363,4,1
18117,3,1
1411,3,1
10798,4,1
24874,4,1
23989,26,0
16437,5,1
8022,1,1
160209,3,1
47056,5,1
18167,25,1
5426,3,1
44116,3,1
1092,7,1
45909,12,1
9558,4,1
168672,8,1
46684,14,1
15527,2,1
76901,11,1
19646,8,1
362400,44,1
45321,3,1
14923,4,1
9707,25,1
13227,22,1
101692,3,1
31475,3,1
3235,10,1
44321,3,1
13141,12,1
74450,14,1
141422,2,1
9726,5,1
42535,1,1
84091,3,1
11362,46,1
14334,6,1
22768,4,1
9496,3,1
139117,60,1
9450,3,1
1101,25,1
38624,6,1
97287,12,1
22183,12,0
15597,14,1
4734,15,1
59059,16,1
132016,2,1
4318,5,1
127312,2,1
41375,2,1
156396,5,1
14713,2,1
29670,22,1
45847,2,1
19782,9,1
926,5,1
12037,9,1
10197,7,1
13745,7,1
35947,2,1
24154,16,1
23062,1,1
8770,6,1
21547,25,1
38920,2,1
116552,10,1
39375,14,1
25791,15,0
16905,5,1
704396,5,1
1450342,8,1
84145,4,1
12071,6,1
16858,11,1
4987,24,1
25510,5,1
2541,10,1
28406,1,1
32783,8,1
26052,3,1
50719,3,1
76554,7,1
9497,10,1
4326,8,1
974,9,1
784,2,1
27642,8,1
26434,1,1
17228,17,1
17282,27,1
41096,132,1
11934,21,1
1285,2,1
139036,3,1
5760,3,1
16403,3,1
17031,18,1
25323,1,1
9473,1,1
132346,46,1
624655,6,1
3224,5,1
155,4,1
71070,13,1
21831,11,1
20,28,1
51419,5,1
1016,8,1
18170,10,1
20248,2,1
16324,5,1
36929,3,1
71486,2,1
47236,5,1
8115,17,1
12322,2,1
12055,12,1
11252,19,1
14889,11,1
121308,3,1
781,3,1
34553,3,1
885559,8,1
16361,8,1
37906,3,1
30863,24,1
138,7,1
18177,8,1
99369,2,1
35623,2,1
15146,15,1
97705,1,1
32869,9,1
15457,3,1
43865,1,1
11682,6,1
15599,7,1
15752,4,1
14549,4,1
4865,1,1
276983,4,1
50168,9,1
31973,8,1
16254,15,1
15705,2,1
33002,1,1
61354,1,1
545,10,1
69575,2,1
37263,1,1
13422,4,1
5004,22,1
31324,3,1
36438,15,1
13924,10,1
8224,13,1
136905,6,1
28788,20,0
136990,7,1
13017,6,1
11486,2,1
27078,4,1
764,7,1
1137,4,1
11792,14,1
4920,26,1
28692,1,1
1930899,4,1
8026,2,1
52878,10,1
528,11,1
21605,1,1
700,66,1
31862,1,1
27776,7,1
10756,1,1
25517,7,1
920,4,1
18194,6,1
139711,7,1
4524,1,1
12896,4,1
7025,11,1
22859,2,1
6790,28,1
5637,12,1
11635,22,1
81284,8,1
38428,5,1
78,6,1
45302,3,1
8131,4,1
6238,7,1
65095,5,1
26339,2,1
30452,2,1
2562,14,1
30559,3,1
15085,31,0
20023,5,1
49075,2,0
102017,4,1
39230,32,1
151376,2,1
1299,2,1
733,17,1
2640,8,1
2660,9,1
631,8,1
2053266,4,1
15009,6,1
27966,49,0
3319,3,1
6651,3,1
21608,3,1
10160,2,1
200,16,1
66370,3,1
15380,1,1
1379,54,1
12914,3,1
1020676,1,1
33149,7,1
7680,27,1
35534,1,1
17935,2,1
32770,10,1
120957,2,1
6510,14,1
183876,18,1
119212,11,1
740054,1,1
10057,16,1
1031,29,1
12996,6,1
31909,2,1
699,4,1
152109,2,1
76162,12,1
183663,2,1
156910,14,1
21640,9,1
9110,1,1
905,8,1
5377,5,1
14652,4,1
53890,13,1
377,2,1
1164,4,1
28605,5,1
18014,25,1
1001525,2,1
28841,8,1
769,13,1
1316,13,1
8922,6,1
669,6,1
2658,1,1
20077,16,1
10074,11,1
7184,5,1
123278,32,1
938,13,1
11006,5,1
21933,4,1
51152,63,1
37855,8,1
9108,10,1
581,7,1
43617,2,1
1254,5,1
726679,26,1
11989,25,1
19518,15,1
4898,2,1
1036,13,1
22268,10,1
43372,1,1
181971,2,1
15550,7,1
22949,4,1
13629,4,1
845,32,1
8832,12,1
448,4,1
13096,3,1
124918,7,1
65189,7,1
20969,17,0
996,2,1
833,8,1
114619,42,1
7913,61,1
13261,22,1
126117,2,1
44899,4,1
22722,3,1
10032,8,1
17777,7,1
16574,16,1
115202,5,1
1218,11,1
577,22,1
35946,2,1
28783,5,1
1995366,6,1
53213,4,1
40348,4,1
6151,4,1
23187,7,1
4918,15,1
148543,4,1
6287,18,1
603,3,1
415,6,1
2593,9,1
61118,3,1
21038,4,1
6251,31,1
36314,6,1
5892,11,1
177,40,1
31875,3,1
21841,14,1
5259,2,1
2302016,2,1
255,8,1
16675,3,1
16349,3,1
6808,10,1
5960,12,1
142572,6,1
5769,10,1
51231,44,1
154789,1,1
30145,2,1
6897,4,1
2623,22,1
954,10,1
6578,5,1
28959,3,1
30828,15,1
23209,64,1
1233,10,1
15506,9,1
19954,13,1
11660,16,1
4461,23,1
12307,8,1
7234,8,1
4735,5,1
12252,13,1
170651,2,1
13308,18,1
9870,15,1
1654176,8,1
14501,6,1
140226,7,1
152402,3,1
11056,12,1
13897,26,1
38304,5,1
23375,5,1
47540,5,1
6206,11,1
10235,8,1
316,9,1
9720,6,1
51951,1,1
7524,11,1
26921,2,1
9111,5,1
452,13,1
64714,3,1
111069,29,1
7357,12,1
106066,7,1
4912,3,1
8328,9,1
4705,13,1
125612,7,1
12412,5,1
13561,7,1
25701,2,1
19768,10,1
141142,5,1
116509,2,1
20250,11,1
15502,2,1
42701,1,1
575,39,1
6222,17,1
1412,6,1
41704,1,1
534,6,1
75509,10,1
158746,1,1
30444,26,0
16576,4,1
497774,1,1
12500,4,1
10289,10,1
40886,11,1
81579,6,1
8702,12,1
332,13,1
28285,2,1
40088,11,1
41930,2,1
31473,2,1
13682,6,1
11855,15,1
35166,2,1
32220,17,1
16811,11,1
148156,18,1
17879,7,1
85008,19,1
15245,4,1
4442,4,1
27108,2,1
131690,5,1
472,9,1
36707,8,1
57322,9,1
45403,11,1
12753,10,1
12281,5,1
21237,5,1
15235,4,1
13624,14,1
137737,2,1
243,2,1
6185,3,1
11860,2,1
6313,16,1
189,25,1
45393,22,1
9602,4,1
38916,2,1
3250,9,1
12476,11,1
609,35,1
10302,9,1
10814,3,1
43226,4,1
12468,18,1
1008,24,1
33560,2,1
119774,4,1
339,5,1
12636,6,1
25960,6,1
12277,4,1
7206,19,1
10173,4,1
9892,5,1
115446,6,1
72205,2,1
46179,3,1
122862,2,1
34014,1,1
10436,5,1
16059,8,1
13307,12,1
26202,8,1
15430,8,1
15420,6,1
6779,1,1
28359,2,1
23987,3,1
20497,16,1
21404,6,1
788,11,1
88,2,1
49254,5,1
67007,1,1
7557,23,1
70393,3,1
25081,3,1
24233,4,1
23553,5,1
22732,1,0
40144,7,1
83,6,1
105077,1,1
8905,6,1
49111,29,1
33047,2,1
13101,43,0
78642,9,1
34180,2,1
39324,3,0
57887,2,1
3524,10,1
6403,6,1
1117,2,1
21861,2,1
22145,10,1
26200,9,1
160446,1,1
19536,7,1
1473,15,1
24123,3,1
21817,44,1
33655,4,1
161,6,1
3423,20,1
16377,17,1
12913,1,1
29660,2,1
7794,8,1
17405,9,1
8223,22,0
4933,2,1
1055,2,1
11114,14,1
11178,11,1
19573,1,1
4941,3,1
17170,4,1
12617,8,1
38408,3,1
53169,2,1
27720,16,1
129011,15,1
123456,14,1
47196,1,1
25845,4,1
27704,5,1
6381,11,1
11147,4,1
23765,5,1
17698,61,1
49736,7,1
7920,23,1
29577,2,0
42095,6,1
35101,4,1
9854,7,1
13826,10,1
16607,3,1
1337942,2,1
726712,2,1
591,14,1
41122,4,1
14387,4,1
26627,5,1
127512,10,1
68311,10,1
43432,1,1
28999,10,1
6148,3,1
36718,2,1
27102,11,1
4855,10,1
5622,14,1
13283,8,1
971,5,1
31616,3,1
56596,3,1
105,20,1
9932,13,1
32713,3,1
10935,3,1
43817,6,1
9498,18,1
43480,4,1
11790,7,1
494,5,1
13108,16,1
41537,2,1
96914,1,1
8893,5,1
10853,9,1
801,10,1
5991,15,1
624,1,1
695248,9,1
648,15,1
419,20,1
33001,2,1
859,5,1
30151,1,1
15,2,1
4342,1,1
20758,3,0
7852,12,1
16119,14,1
30381,9,1
1327,5,1
10026,4,1
3362,2,1
328,5,1
35894,1,1
186570,1,1
18024,2,1
1329,11,1
8674,2,1
7796,65,1
44499,6,1
7818,6,1
4340,2,1
66938,15,1
19336,11,0
16167,9,1
17717,2,1
39104,1,1
19393,22,1
15447,3,1
22280,5,1
27033,8,1
23374,4,1
12347,10,1
20374,3,1
172793,2,1
1170409,2,1
15529,13,1
20626,4,1
163313,12,1
16506,11,1
21345,13,1
15904,2,1
14859,9,1
26753,12,1
1477,5,1
22318,4,1
33642,2,1
17830,5,1
11259,43,1
15193,13,1
21638,2,1
1446,1,1
16141,7,1
10784,6,1
2642,1,1
17305,5,1
38353,9,1
271,2,1
4830,1,1
127849,7,1
21347,1,1
71112,5,1
1043,14,1
7278,1,1
35863,1,1
32593,5,1
52287,10,1
614,2,1
5918,69,1
557641,2,1
811401,11,1
8433,4,1
20071,2,1
416810,6,1
626,3,1
16983,22,1
95645,4,1
359,4,1
47247,17,1
10383,26,0
8164,54,0
139866,4,1
375566,13,1
30518,5,1
44437,1,1
14714,5,1
15314,7,1
8613,16,1
24001,5,1
59804,4,1
10072,2,1
1158,8,1
29635,5,1
1250,3,1
7677,6,1
362,3,1
37891,4,1
1210157,2,1
128646,10,1
82419,3,1
396,17,1
20280,10,1
19410,11,1
2606,3,1
7874,7,1
66837,11,1
35216,2,1
9431,5,1
13248,2,1
22805,6,1
10969,1,1
928,23,1
12432,6,1
6352,8,1
25295,3,1
81816,18,1
50731,2,1
17319,2,1
26867,5,1
4549,19,1
9239,5,1
554,13,0
1070,6,1
25341,2,1
27553,2,1
33492,6,1
22715,6,1
100704,3,1
4821,25,1
61168,1,1
12094,9,1
157160,5,1
6402,3,1
262,5,1
630,18,1
1225,9,1
26235,3,1
9615,15,1
12047,10,1
13074,1,1
33691,5,1
1241,7,1
43192,10,1
9448,4,1
7594,15,1
12368,5,1
11664,8,1
1156,17,1
14860,2,1
58494,4,1
161404,4,1
4429,31,1
9464,4,1
9460,7,1
32742,2,1
9934,8,1
13119,6,1
12763,3,1
27780,18,1
1289,4,0
985,49,1
8020,6,1
36767,1,1
29582,1,1
32873,17,1
13424,15,1
37586,6,1
13607,5,1
27050,16,1
1554,52,1
98702,13,1
13984,18,1
20836,8,1
16671,16,1
1430,9,1
20622,20,1
476,68,1
160273,4,1
242095,2,1
23014,7,1
4733,2,1
12964,5,1
11954,64,1
18159,2,1
19837,13,1
7994,4,1
10777,5,1
23026,13,1
13519,24,1
6881,7,1
12598,4,1
122980,3,1
121264,10,1
917,3,1
7767,4,1
122882,2,1
7202,4,1
142298,3,1
14086,4,1
885,10,1
21041,9,1
304541,3,1
46,24,1
12543,2,1
38631,3,1
16195,19,1
21388,2,1
38612,3,1
17026,3,1
42,14,1
109070,2,1
19780,1,1
7908,3,1
4879,16,1
175670,4,1
8844,3,1
13394,23,1
4640,9,1
79919,11,1
837,28,1
29193,12,1
1486,9,1
14996,1,1
12625,7,1
11536,4,1
656,5,1
23313,10,1
3557,14,1
183825,3,1
43052,5,1
655358,3,1
2561,2,1
61132,41,1
17297,6,1
123294,1,1
12989,5,1
741,5,1
57404,5,1
15876,3,1
12142,3,1
19842,6,1
5862,2,1
3511,6,1
23468,9,1
358,4,1
29884,6,1
151310,2,1
8045,5,1
11238,4,1
13015,19,1
144773,3,1
58893,1,1
168590,13,1
25864,35,1
9260,3,1
955,13,1
756,1,1
17465,20,1
13550,5,1
99804,2,1
5639,20,1
12246,4,1
10559,1,1
6426,1,1
104003,6,1
1495,4,1
17689,19,1
164,3,1
47,28,1
35263,6,1
21476,31,1
17955,20,1
205,31,1
35326,1,1
17138,2,1
5575,13,1
204,13,1
676,4,1
33260,20,1
86041,1,1
69953,2,0
80350,6,1
17731,4,1
172,22,1
24302,2,1
105699,7,1
181750,45,1
38693,3,1
608,15,1
134683,9,1
47026,6,1
24407,2,1
5325,1,1
17085,9,1
45831,8,1
681,6,1
1742184,2,1
9212,6,1
175904,26,1
24677,2,0
1283376,10,1
31813,10,1
72017,4,1
12580,3,1
22934,4,1
26240,2,1
10214,1,1
12833,36,1
21833,14,1
19359,13,1
8135,15,1
9772,20,1
41065,12,1
14571,4,1
20383,6,1
20237,3,1
76581,2,1
21661,10,1
11987,16,0
10225,4,1
145078,11,1
11622,14,1
11685,6,1
4931,5,1
23438,2,1
370,8,1
31027,14,1
86184,3,1
71579,1,1
98,5,1
7069,2,1
10211,1,1
24419,7,1
28427,6,1
130469,2,1
16263,1,1
11060,8,1
13675,5,1
588262,1,1
13525,14,1
143190,4,1
